Award Id,Recipient Name,Action Date,Award Amount,Piid,Place Of Performance State Code,Place Of Performance City Name,Place Of Performance ZIP Code,Place Of Performance County Name,Product Or Service Code (Psc),Psc Description,Naics Code,Naics Description,Type Of Set Aside,Type Of Set Aside Description,Contracting Officer Business Size Determination,Last Modified Date,Is Small Business,Is 8a Set-Aside
75FCMC26F0166,RESEARCH TRIANGLE INSTITUTE,2026-09-23,16163597.0,75FCMC26F0166,NC,DURHAM,27709,DURHAM,R499,SUPPORT- PROFESSIONAL: OTHER,541720,RESEARCH AND DEVELOPMENT IN THE SOCIAL SCIENCES AND HUMANITIES,,,,,False,False
75FCMC25PJ032,"FIRST DATABANK, INC.",2026-09-23,621000.0,75FCMC25PJ032,CA,SOUTH SAN FRANCISCO,94080,SAN MATEO,R702,SUPPORT- MANAGEMENT: DATA COLLECTION,513199,ALL OTHER PUBLISHERS,,,,,False,False
75FCMC26F0029,PERATON INC.,2026-09-23,0.0,75FCMC26F0029,VA,HERNDON,20170,FAIRFAX,7A20,IT AND TELECOM - APPLICATION DEVELOPMENT SOFTWARE (PERPETUAL LICENSE SOFTWARE),541511,CUSTOM COMPUTER PROGRAMMING SERVICES,,,,,False,False
75FCMC21F0003,"C2C INNOVATIVE SOLUTIONS, INC.",2026-09-23,-8426633.93,75FCMC21F0003,FL,JACKSONVILLE,32202,DUVAL,R499,SUPPORT- PROFESSIONAL: OTHER,541611,ADMINISTRATIVE MANAGEMENT AND GENERAL MANAGEMENT CONSULTING SERVICES,,,,,False,False
75FCMC22F0128,DEFENSE CONTRACTING INC,2026-09-23,725575.86,75FCMC22F0128,MD,ABERDEEN PROVING GROUND,21005,HARFORD,DA01,IT AND TELECOM - BUSINESS APPLICATION/APPLICATION DEVELOPMENT SUPPORT SERVICES (LABOR),541512,COMPUTER SYSTEMS DESIGN SERVICES,,,,,False,False
75FCMC21F0067,ACUMEN LLC,2026-09-23,0.0,75FCMC21F0067,CA,BURLINGAME,94010,SAN MATEO,R499,SUPPORT- PROFESSIONAL: OTHER,541611,ADMINISTRATIVE MANAGEMENT AND GENERAL MANAGEMENT CONSULTING SERVICES,,,,,False,False
75FCMC25FJ137,SMITHS DETECTION INC.,2026-09-23,20762.22,75FCMC25FJ137,MD,WINDSOR MILL,21244,BALTIMORE,R430,SUPPORT- PROFESSIONAL: PHYSICAL SECURITY AND BADGING,334519,OTHER MEASURING AND CONTROLLING DEVICE MANUFACTURING,,,,,False,False
75FCMC26F0113,DELOITTE CONSULTING LLP,2026-09-23,166797.33,75FCMC26F0113,VA,ARLINGTON,22209,ARLINGTON,DA01,IT AND TELECOM - BUSINESS APPLICATION/APPLICATION DEVELOPMENT SUPPORT SERVICES (LABOR),541611,ADMINISTRATIVE MANAGEMENT AND GENERAL MANAGEMENT CONSULTING SERVICES,,,,,False,False
75FCMC26F0125,"PALMETTO GBA, LLC",2026-09-23,1049110.0,75FCMC26F0125,SC,COLUMBIA,29203,RICHLAND,DC01,IT AND TELECOM - DATA CENTER SUPPORT SERVICES (LABOR),518210,"COMPUTING INFRASTRUCTURE PROVIDERS, DATA PROCESSING, WEB HOSTING, AND RELATED SERVICES",,,,,False,False
75FCMC19F0112,DELOITTE CONSULTING LLP,2026-09-23,6045643.79,75FCMC19F0112,VA,ARLINGTON,22209,ARLINGTON,R499,SUPPORT- PROFESSIONAL: OTHER,541330,ENGINEERING SERVICES,,,,,False,False
75FCMC22F0066,"ICF INCORPORATED, L.L.C.",2026-09-23,179685.6,75FCMC22F0066,MD,WINDSOR MILL,21244,BALTIMORE,DD01,"IT AND TELECOM - SERVICE DELIVERY SUPPORT SERVICES: ITSM, OPERATIONS CENTER, PROJECT/PM (LABOR)",541511,CUSTOM COMPUTER PROGRAMMING SERVICES,,,,,False,False
75FCMC24F0207,DELOITTE CONSULTING LLP,2026-09-23,4973003.22,75FCMC24F0207,MD,WINDSOR MILL,21244,BALTIMORE,R499,SUPPORT- PROFESSIONAL: OTHER,541611,ADMINISTRATIVE MANAGEMENT AND GENERAL MANAGEMENT CONSULTING SERVICES,,,,,False,False
75FCMC18F0087,BOOZ ALLEN HAMILTON INC,2026-09-23,3509661.37,75FCMC18F0087,VA,MCLEAN,22102,FAIRFAX,R499,SUPPORT- PROFESSIONAL: OTHER,541611,ADMINISTRATIVE MANAGEMENT AND GENERAL MANAGEMENT CONSULTING SERVICES,,,,,False,False
75FCMC25FJ030,BOOZ ALLEN HAMILTON INC,2026-09-23,1098281.03,75FCMC25FJ030,VA,MCLEAN,22102,FAIRFAX,R499,SUPPORT- PROFESSIONAL: OTHER,541611,ADMINISTRATIVE MANAGEMENT AND GENERAL MANAGEMENT CONSULTING SERVICES,,,,,False,False
75FCMC23F0049,FLEXION INC,2026-09-22,0.0,75FCMC23F0049,MD,BALTIMORE,21217,BALTIMORE CITY,DA01,IT AND TELECOM - BUSINESS APPLICATION/APPLICATION DEVELOPMENT SUPPORT SERVICES (LABOR),541511,CUSTOM COMPUTER PROGRAMMING SERVICES,,,,,False,False
75FCMC25CJ004,NATIONAL COUNCIL FOR PRESCRIPTION DRUG PROGRAMS INC,2026-09-22,0.0,75FCMC25CJ004,MD,WINDSOR MILL,21244,BALTIMORE,B537,SPECIAL STUDIES/ANALYSIS- MEDICAL/HEALTH,813910,BUSINESS ASSOCIATIONS,,,,,False,False
75FCMC19F0003,MATHEMATICA INC.,2026-09-22,0.0,75FCMC19F0003,MD,WINDSOR MILL,21244,BALTIMORE,R499,SUPPORT- PROFESSIONAL: OTHER,541720,RESEARCH AND DEVELOPMENT IN THE SOCIAL SCIENCES AND HUMANITIES,,,,,False,False
75FCMC22F0004,OMNI FED LLC,2026-09-22,20935.3,75FCMC22F0004,MD,WINDSOR MILL,21244,BALTIMORE,DA01,IT AND TELECOM - BUSINESS APPLICATION/APPLICATION DEVELOPMENT SUPPORT SERVICES (LABOR),541511,CUSTOM COMPUTER PROGRAMMING SERVICES,,,,,False,False
75FCMC26F0049,MATHEMATICA INC.,2026-09-22,0.0,75FCMC26F0049,NJ,PRINCETON,08540,MERCER,R499,SUPPORT- PROFESSIONAL: OTHER,541720,RESEARCH AND DEVELOPMENT IN THE SOCIAL SCIENCES AND HUMANITIES,,,,,False,False
75FCMC24F0135,MATHEMATICA INC.,2026-09-22,0.0,75FCMC24F0135,MD,WINDSOR MILL,21244,BALTIMORE,AN42,HEALTH R&D SERVICES; HEALTH CARE - OTHER; APPLIED RESEARCH,541720,RESEARCH AND DEVELOPMENT IN THE SOCIAL SCIENCES AND HUMANITIES,,,,,False,False
75FCMC26F0161,"WESTAT, INC.",2026-09-22,1391580.49,75FCMC26F0161,MD,BETHESDA,20814,MONTGOMERY,R699,SUPPORT- ADMINISTRATIVE: OTHER,541611,ADMINISTRATIVE MANAGEMENT AND GENERAL MANAGEMENT CONSULTING SERVICES,,,,,False,False
75FCMC26F0163,THE MITRE CORPORATION,2026-09-22,9770004.0,75FCMC26F0163,MD,WINDSOR MILL,21244,BALTIMORE,AN11,HEALTH R&D SERVICES; HEALTH CARE SERVICES; BASIC RESEARCH,541715,"RESEARCH AND DEVELOPMENT IN THE PHYSICAL, ENGINEERING, AND LIFE SCIENCES (EXCEPT NANOTECHNOLOGY AND BIOTECHNOLOGY)",,,,,False,False
75FCMC25FJ156,THE MITRE CORPORATION,2026-09-22,1880128.0,75FCMC25FJ156,DC,WASHINGTON,20060,DISTRICT OF COLUMBIA,AN11,HEALTH R&D SERVICES; HEALTH CARE SERVICES; BASIC RESEARCH,541715,"RESEARCH AND DEVELOPMENT IN THE PHYSICAL, ENGINEERING, AND LIFE SCIENCES (EXCEPT NANOTECHNOLOGY AND BIOTECHNOLOGY)",,,,,False,False
75FCMC26F0162,"MX FEDERAL, LLC",2026-09-22,3490821.36,75FCMC26F0162,FL,REDINGTON BEACH,33708,PINELLAS,DA01,IT AND TELECOM - BUSINESS APPLICATION/APPLICATION DEVELOPMENT SUPPORT SERVICES (LABOR),541519,OTHER COMPUTER RELATED SERVICES,,,,,False,False
75FCMC24F0067,"DOBSON DAVANZO & ASSOCIATES, LLC",2026-09-21,480635.0,75FCMC24F0067,VA,VIENNA,22180,FAIRFAX,R499,SUPPORT- PROFESSIONAL: OTHER,541611,ADMINISTRATIVE MANAGEMENT AND GENERAL MANAGEMENT CONSULTING SERVICES,,,,,False,False
75FCMC23F0001,RESEARCH TRIANGLE INSTITUTE,2026-09-21,0.0,75FCMC23F0001,MD,WINDSOR MILL,21244,BALTIMORE,AN41,HEALTH R&D SERVICES; HEALTH CARE - OTHER; BASIC RESEARCH,541720,RESEARCH AND DEVELOPMENT IN THE SOCIAL SCIENCES AND HUMANITIES,,,,,False,False
75FCMC25FJ164,PORTER NOVELLI PUBLIC SERVICES INC.,2026-09-21,2056785.0,75FCMC25FJ164,DC,WASHINGTON,20007,DISTRICT OF COLUMBIA,R426,SUPPORT- PROFESSIONAL: COMMUNICATIONS,541810,ADVERTISING AGENCIES,,,,,False,False
75FCMC25FJ160,"NOVAK BIRCH, INC",2026-09-21,0.0,75FCMC25FJ160,MD,BROOKLYN,21225,BALTIMORE CITY,R499,SUPPORT- PROFESSIONAL: OTHER,541910,MARKETING RESEARCH AND PUBLIC OPINION POLLING,,,,,False,False
75FCMC25PJ021,PHILADELPHIA PARKING AUTHORITY,2026-09-21,9540.0,75FCMC25PJ021,PA,PHILADELPHIA,19106,PHILADELPHIA,R699,SUPPORT- ADMINISTRATIVE: OTHER,812930,PARKING LOTS AND GARAGES,,,,,False,False
75FCMC25FJ020,ACUMEN LLC,2026-09-21,513376.0,75FCMC25FJ020,MD,WINDSOR MILL,21244,BALTIMORE,AN42,HEALTH R&D SERVICES; HEALTH CARE - OTHER; APPLIED RESEARCH,541720,RESEARCH AND DEVELOPMENT IN THE SOCIAL SCIENCES AND HUMANITIES,,,,,False,False
75FCMC24C0011,"NORIDIAN HEALTHCARE SOLUTIONS, LLC",2026-09-21,-540000.0,75FCMC24C0011,ND,FARGO,58103,CASS,G007,SOCIAL- GOVERNMENT HEALTH INSURANCE PROGRAMS,524114,DIRECT HEALTH AND MEDICAL INSURANCE CARRIERS,,,,,False,False
75FCMC22C0037,"PALMETTO GBA, LLC",2026-09-21,-259782.0,75FCMC22C0037,SC,COLUMBIA,29203,RICHLAND,G007,SOCIAL- GOVERNMENT HEALTH INSURANCE PROGRAMS,524114,DIRECT HEALTH AND MEDICAL INSURANCE CARRIERS,,,,,False,False
75FCMC25FJ022,"GENERAL DYNAMICS INFORMATION TECHNOLOGY, INC.",2026-09-21,24360480.0,75FCMC25FJ022,MD,WINDSOR MILL,21244,BALTIMORE,DC10,IT AND TELECOM - DATA CENTER AS A SERVICE,541512,COMPUTER SYSTEMS DESIGN SERVICES,,,,,False,False
75FCMC23F0117,"DOBSON DAVANZO & ASSOCIATES, LLC",2026-09-18,503835.0,75FCMC23F0117,VA,VIENNA,22180,FAIRFAX,R499,SUPPORT- PROFESSIONAL: OTHER,541611,ADMINISTRATIVE MANAGEMENT AND GENERAL MANAGEMENT CONSULTING SERVICES,,,,,False,False
75FCMC26C0029,MERATIVE US L.P.,2026-09-18,257774.16,75FCMC26C0029,MD,WINDSOR MILL,21244,BALTIMORE,R612,SUPPORT- ADMINISTRATIVE: INFORMATION RETRIEVAL,513140,DIRECTORY AND MAILING LIST PUBLISHERS,,,,,False,False
75FCMC22C0038,"MAXIMUS FEDERAL SERVICES, INC.",2026-09-18,0.0,75FCMC22C0038,VA,MCLEAN,22102,FAIRFAX,R499,SUPPORT- PROFESSIONAL: OTHER,561422,TELEMARKETING BUREAUS AND OTHER CONTACT CENTERS,,,,,False,False
75FCMC22F0080,TFC CONSULTING INC.,2026-09-18,0.0,75FCMC22F0080,MD,ROCKVILLE,20850,MONTGOMERY,R499,SUPPORT- PROFESSIONAL: OTHER,541611,ADMINISTRATIVE MANAGEMENT AND GENERAL MANAGEMENT CONSULTING SERVICES,,,,,False,False
75FCMC26F0151,CONRAD LLP,2026-09-18,3231566.0,75FCMC26F0151,CA,LAKE FOREST,92630,ORANGE,R499,SUPPORT- PROFESSIONAL: OTHER,541211,OFFICES OF CERTIFIED PUBLIC ACCOUNTANTS,,,,,False,False
75FCMC26F0156,THE MITRE CORPORATION,2026-09-18,499819.0,75FCMC26F0156,VA,MCLEAN,22102,FAIRFAX,AN42,HEALTH R&D SERVICES; HEALTH CARE - OTHER; APPLIED RESEARCH,541715,"RESEARCH AND DEVELOPMENT IN THE PHYSICAL, ENGINEERING, AND LIFE SCIENCES (EXCEPT NANOTECHNOLOGY AND BIOTECHNOLOGY)",,,,,False,False
75FCMC20F0033,THE RAND CORPORATION,2026-09-18,-219619.32,75FCMC20F0033,CA,SANTA MONICA,90401,LOS ANGELES,R499,SUPPORT- PROFESSIONAL: OTHER,541611,ADMINISTRATIVE MANAGEMENT AND GENERAL MANAGEMENT CONSULTING SERVICES,,,,,False,False
75FCMC22F0001,NATIONAL OPINION RESEARCH CENTER,2026-09-18,1205760.59,75FCMC22F0001,MD,GWYNN OAK,21207,BALTIMORE,AN42,HEALTH R&D SERVICES; HEALTH CARE - OTHER; APPLIED RESEARCH,541720,RESEARCH AND DEVELOPMENT IN THE SOCIAL SCIENCES AND HUMANITIES,,,,,False,False
75FCMC26F0063,MAGPIE HEALTH ANALYTICS INC,2026-09-18,33370.0,75FCMC26F0063,MD,WINDSOR MILL,21244,BALTIMORE,R408,SUPPORT- PROFESSIONAL: PROGRAM MANAGEMENT/SUPPORT,541611,ADMINISTRATIVE MANAGEMENT AND GENERAL MANAGEMENT CONSULTING SERVICES,,,,,False,False
75FCMC21F0068,BOOZ ALLEN HAMILTON INC,2026-09-18,2512331.0,75FCMC21F0068,VA,MCLEAN,22102,FAIRFAX,R499,SUPPORT- PROFESSIONAL: OTHER,541611,ADMINISTRATIVE MANAGEMENT AND GENERAL MANAGEMENT CONSULTING SERVICES,,,,,False,False
75FCMC26F0045,"GENERAL DYNAMICS INFORMATION TECHNOLOGY, INC.",2026-09-18,664739.22,75FCMC26F0045,VA,FAIRFAX,22030,FAIRFAX,DA01,IT AND TELECOM - BUSINESS APPLICATION/APPLICATION DEVELOPMENT SUPPORT SERVICES (LABOR),541511,CUSTOM COMPUTER PROGRAMMING SERVICES,,,,,False,False
75FCMC21C0035,REGENTS OF THE UNIVERSITY OF MICHIGAN,2026-09-17,0.0,75FCMC21C0035,MD,WINDSOR MILL,21244,BALTIMORE,AN42,HEALTH R&D SERVICES; HEALTH CARE - OTHER; APPLIED RESEARCH,541720,RESEARCH AND DEVELOPMENT IN THE SOCIAL SCIENCES AND HUMANITIES,,,,,False,False
75FCMC19C0018,"NOVITAS SOLUTIONS, INC.",2026-09-17,84782.0,75FCMC19C0018,PA,MECHANICSBURG,17050,CUMBERLAND,G007,SOCIAL- GOVERNMENT HEALTH INSURANCE PROGRAMS,524114,DIRECT HEALTH AND MEDICAL INSURANCE CARRIERS,,,,,False,False
75FCMC22F0001,RELI GROUP INC,2026-09-17,447885.02,75FCMC22F0001,MD,CATONSVILLE,21228,BALTIMORE,DA01,IT AND TELECOM - BUSINESS APPLICATION/APPLICATION DEVELOPMENT SUPPORT SERVICES (LABOR),541512,COMPUTER SYSTEMS DESIGN SERVICES,,,,,False,False
75FCMC24F0116,SPARKSOFT CORPORATION,2026-09-17,4958637.0,75FCMC24F0116,MD,CATONSVILLE,21228,BALTIMORE,DA01,IT AND TELECOM - BUSINESS APPLICATION/APPLICATION DEVELOPMENT SUPPORT SERVICES (LABOR),541512,COMPUTER SYSTEMS DESIGN SERVICES,,,,,False,False
75FCMC22F0137,"C2C INNOVATIVE SOLUTIONS, INC.",2026-09-17,2585236.0,75FCMC22F0137,FL,JACKSONVILLE,32202,DUVAL,R699,SUPPORT- ADMINISTRATIVE: OTHER,541611,ADMINISTRATIVE MANAGEMENT AND GENERAL MANAGEMENT CONSULTING SERVICES,,,,,False,False
75FCMC26F0099,GUIDEHOUSE INC.,2026-09-17,499620.29,75FCMC26F0099,VA,MCLEAN,22102,FAIRFAX,R410,SUPPORT- PROFESSIONAL: PROGRAM EVALUATION/REVIEW/DEVELOPMENT,541611,ADMINISTRATIVE MANAGEMENT AND GENERAL MANAGEMENT CONSULTING SERVICES,,,,,False,False
75FCMC26F0057,OLYMPUS ALPHA LLC,2026-09-17,-126.62,75FCMC26F0057,MD,WINDSOR MILL,21244,BALTIMORE,R408,SUPPORT- PROFESSIONAL: PROGRAM MANAGEMENT/SUPPORT,541611,ADMINISTRATIVE MANAGEMENT AND GENERAL MANAGEMENT CONSULTING SERVICES,,,,,False,False
75FCMC24F0133,"L&M POLICY RESEARCH, LLC",2026-09-17,1848991.29,75FCMC24F0133,DC,WASHINGTON,20009,DISTRICT OF COLUMBIA,R422,SUPPORT- PROFESSIONAL: MARKET RESEARCH/PUBLIC OPINION,541910,MARKETING RESEARCH AND PUBLIC OPINION POLLING,,,,,False,False
75FCMC25CJ020,"ABM FEDERAL SALES, INC.",2026-09-17,171752.4,75FCMC25CJ020,MD,WINDSOR MILL,21244,BALTIMORE,3610,"PRINTING, DUPLICATING, AND BOOKBINDING EQUIPMENT",333310,COMMERCIAL AND SERVICE INDUSTRY MACHINERY MANUFACTURING,,,,,False,False
HHSM500T0001,COVENTBRIDGE (USA) LLC,2026-09-17,141398.35,HHSM500T0001,VA,RESTON,20190,FAIRFAX,R499,SUPPORT- PROFESSIONAL: OTHER,541990,"ALL OTHER PROFESSIONAL, SCIENTIFIC, AND TECHNICAL SERVICES",,,,,False,False
75FCMC21F0003,MATHEMATICA INC.,2026-09-17,0.0,75FCMC21F0003,NJ,PRINCETON,08540,MERCER,R410,SUPPORT- PROFESSIONAL: PROGRAM EVALUATION/REVIEW/DEVELOPMENT,541720,RESEARCH AND DEVELOPMENT IN THE SOCIAL SCIENCES AND HUMANITIES,,,,,False,False
75FCMC22F0132,CONRAD LLP,2026-09-17,13697341.04,75FCMC22F0132,CA,LAKE FOREST,92630,ORANGE,R699,SUPPORT- ADMINISTRATIVE: OTHER,541211,OFFICES OF CERTIFIED PUBLIC ACCOUNTANTS,,,,,False,False
75FCMC26F0061,DELOITTE CONSULTING LLP,2026-09-17,1596212.4,75FCMC26F0061,VA,ARLINGTON,22209,ARLINGTON,DA01,IT AND TELECOM - BUSINESS APPLICATION/APPLICATION DEVELOPMENT SUPPORT SERVICES (LABOR),541611,ADMINISTRATIVE MANAGEMENT AND GENERAL MANAGEMENT CONSULTING SERVICES,,,,,False,False
75FCMC26F0111,VISUAL CONNECTIONS LLC,2026-09-17,69696.0,75FCMC26F0111,MD,WINDSOR MILL,21244,BALTIMORE,R499,SUPPORT- PROFESSIONAL: OTHER,541990,"ALL OTHER PROFESSIONAL, SCIENTIFIC, AND TECHNICAL SERVICES",,,,,False,False
75FCMC25FJ079,"FU ASSOCIATES, LTD.",2026-09-17,8617972.0,75FCMC25FJ079,MD,WINDSOR MILL,21244,BALTIMORE,DA01,IT AND TELECOM - BUSINESS APPLICATION/APPLICATION DEVELOPMENT SUPPORT SERVICES (LABOR),541512,COMPUTER SYSTEMS DESIGN SERVICES,,,,,False,False
75FCMC24F0128,RESEARCH TRIANGLE INSTITUTE,2026-09-16,0.0,75FCMC24F0128,NC,DURHAM,27709,DURHAM,R499,SUPPORT- PROFESSIONAL: OTHER,541611,ADMINISTRATIVE MANAGEMENT AND GENERAL MANAGEMENT CONSULTING SERVICES,,,,,False,False
75FCMC26F0133,STRATEGYGEN CO,2026-09-16,0.0,75FCMC26F0133,FL,JACKSONVILLE,32202,DUVAL,R408,SUPPORT- PROFESSIONAL: PROGRAM MANAGEMENT/SUPPORT,541611,ADMINISTRATIVE MANAGEMENT AND GENERAL MANAGEMENT CONSULTING SERVICES,,,,,False,False
75FCMC26F0155,"CORBALT, LLC",2026-09-16,3734150.0,75FCMC26F0155,MD,WINDSOR MILL,21244,BALTIMORE,DA01,IT AND TELECOM - BUSINESS APPLICATION/APPLICATION DEVELOPMENT SUPPORT SERVICES (LABOR),541511,CUSTOM COMPUTER PROGRAMMING SERVICES,,,,,False,False
75FCMC22F0105,AEIO LLC,2026-09-16,0.0,75FCMC22F0105,MD,OXON HILL,20745,PRINCE GEORGES,R431,SUPPORT- PROFESSIONAL: HUMAN RESOURCES,541611,ADMINISTRATIVE MANAGEMENT AND GENERAL MANAGEMENT CONSULTING SERVICES,,,,,False,False
75FCMC25CJ019,UNION5 LLC,2026-09-16,109796.04,75FCMC25CJ019,UT,SALT LAKE CITY,84115,SALT LAKE,DA01,IT AND TELECOM - BUSINESS APPLICATION/APPLICATION DEVELOPMENT SUPPORT SERVICES (LABOR),541511,CUSTOM COMPUTER PROGRAMMING SERVICES,,,,,False,False
75FCMC25FJ095,DELOITTE & TOUCHE LLP,2026-09-16,0.0,75FCMC25FJ095,VA,ARLINGTON,22209,ARLINGTON,R499,SUPPORT- PROFESSIONAL: OTHER,541519,OTHER COMPUTER RELATED SERVICES,,,,,False,False
75FCMC26F0038,GUIDEHOUSE INC.,2026-09-16,0.0,75FCMC26F0038,VA,MCLEAN,22102,FAIRFAX,R704,SUPPORT- MANAGEMENT: AUDITING,541611,ADMINISTRATIVE MANAGEMENT AND GENERAL MANAGEMENT CONSULTING SERVICES,,,,,False,False
75FCMC22C0038,"MAXIMUS FEDERAL SERVICES, INC.",2026-09-16,0.0,75FCMC22C0038,VA,MCLEAN,22102,FAIRFAX,R499,SUPPORT- PROFESSIONAL: OTHER,561422,TELEMARKETING BUREAUS AND OTHER CONTACT CENTERS,,,,,False,False
75FCMC26F0007,SERCO INC,2026-09-16,755913.7,75FCMC26F0007,VA,HERNDON,20170,FAIRFAX,R410,SUPPORT- PROFESSIONAL: PROGRAM EVALUATION/REVIEW/DEVELOPMENT,541611,ADMINISTRATIVE MANAGEMENT AND GENERAL MANAGEMENT CONSULTING SERVICES,,,,,False,False
75FCMC26F0125,"PALMETTO GBA, LLC",2026-09-16,565953.0,75FCMC26F0125,SC,COLUMBIA,29203,RICHLAND,DC01,IT AND TELECOM - DATA CENTER SUPPORT SERVICES (LABOR),518210,"COMPUTING INFRASTRUCTURE PROVIDERS, DATA PROCESSING, WEB HOSTING, AND RELATED SERVICES",,,,,False,False
75FCMC25FJ154,S&P GLOBAL MARKET INTELLIGENCE LLC,2026-09-16,63525.0,75FCMC25FJ154,NY,NEW YORK,10041,NEW YORK,R423,SUPPORT- PROFESSIONAL: INTELLIGENCE,541519,OTHER COMPUTER RELATED SERVICES,,,,,False,False
75FCMC25CJ001,ANALYTICA LLC,2026-09-16,0.0,75FCMC25CJ001,MD,BETHESDA,20814,MONTGOMERY,B506,SPECIAL STUDIES/ANALYSIS- DATA (OTHER THAN SCIENTIFIC),541990,"ALL OTHER PROFESSIONAL, SCIENTIFIC, AND TECHNICAL SERVICES",,,,,False,False
75FCMC24F0225,"KONIAG SERVICES, INC.",2026-09-16,0.0,75FCMC24F0225,VA,CHANTILLY,20151,FAIRFAX,R499,SUPPORT- PROFESSIONAL: OTHER,541990,"ALL OTHER PROFESSIONAL, SCIENTIFIC, AND TECHNICAL SERVICES",,,,,False,False
75FCMC22C0039,"THINK-HIGHPOINT JV, LLC",2026-09-16,27404717.0,75FCMC22C0039,MD,ROSEDALE,21237,BALTIMORE,R499,SUPPORT- PROFESSIONAL: OTHER,541611,ADMINISTRATIVE MANAGEMENT AND GENERAL MANAGEMENT CONSULTING SERVICES,,,,,False,False
75FCMC24F0122,SKY SOLUTIONS LLC,2026-09-15,14889741.24,75FCMC24F0122,VA,HERNDON,20171,FAIRFAX,DA01,IT AND TELECOM - BUSINESS APPLICATION/APPLICATION DEVELOPMENT SUPPORT SERVICES (LABOR),541511,CUSTOM COMPUTER PROGRAMMING SERVICES,,,,,False,False
75FCMC26C0028,TEGRIA SERVICES GROUP - US INC,2026-09-15,2152728.0,75FCMC26C0028,WI,MADISON,53717,DANE,DA01,IT AND TELECOM - BUSINESS APPLICATION/APPLICATION DEVELOPMENT SUPPORT SERVICES (LABOR),541519,OTHER COMPUTER RELATED SERVICES,,,,,False,False
75FCMC23F0119,RESEARCH TRIANGLE INSTITUTE,2026-09-15,7127550.0,75FCMC23F0119,NC,DURHAM,27709,DURHAM,G007,SOCIAL- GOVERNMENT HEALTH INSURANCE PROGRAMS,541611,ADMINISTRATIVE MANAGEMENT AND GENERAL MANAGEMENT CONSULTING SERVICES,,,,,False,False
75FCMC24F0112,"LMI CONSULTING, LLC",2026-09-15,9878108.69,75FCMC24F0112,VA,MCLEAN,22102,FAIRFAX,R499,SUPPORT- PROFESSIONAL: OTHER,541611,ADMINISTRATIVE MANAGEMENT AND GENERAL MANAGEMENT CONSULTING SERVICES,,,,,False,False
75FCMC26C0027,REGENTS OF THE UNIVERSITY OF MICHIGAN,2026-09-15,5295607.0,75FCMC26C0027,MD,WINDSOR MILL,21244,BALTIMORE,R499,SUPPORT- PROFESSIONAL: OTHER,541720,RESEARCH AND DEVELOPMENT IN THE SOCIAL SCIENCES AND HUMANITIES,,,,,False,False
75FCMC25FJ107,"KAUFFMAN AND ASSOCIATES, INC",2026-09-15,0.0,75FCMC25FJ107,WA,SPOKANE,99201,SPOKANE,R499,SUPPORT- PROFESSIONAL: OTHER,541611,ADMINISTRATIVE MANAGEMENT AND GENERAL MANAGEMENT CONSULTING SERVICES,,,,,False,False
7571PS26P0451,"A.M. BEST COMPANY, INC.",2026-09-15,0.0,7571PS26P0451,NJ,OLDWICK,08858,HUNTERDON,B506,SPECIAL STUDIES/ANALYSIS- DATA (OTHER THAN SCIENTIFIC),513120,PERIODICAL PUBLISHERS,,,,,False,False
75FCMC25FJ089,RELI GROUP INC,2026-09-15,7252940.49,75FCMC25FJ089,MD,CATONSVILLE,21228,BALTIMORE,R408,SUPPORT- PROFESSIONAL: PROGRAM MANAGEMENT/SUPPORT,541511,CUSTOM COMPUTER PROGRAMMING SERVICES,,,,,False,False
75FCMC25CJ011,FEDPATH SOLUTIONS LLC,2026-09-15,0.0,75FCMC25CJ011,IA,WEST DES MOINES,50266,POLK,R499,SUPPORT- PROFESSIONAL: OTHER,541990,"ALL OTHER PROFESSIONAL, SCIENTIFIC, AND TECHNICAL SERVICES",,,,,False,False
75FCMC26F0158,DELOITTE & TOUCHE LLP,2026-09-15,496124.7,75FCMC26F0158,VA,ARLINGTON,22209,ARLINGTON,DA01,IT AND TELECOM - BUSINESS APPLICATION/APPLICATION DEVELOPMENT SUPPORT SERVICES (LABOR),541519,OTHER COMPUTER RELATED SERVICES,,,,,False,False
75FCMC21F0003,"HEALTH SERVICES ADVISORY GROUP, INC.",2026-09-15,0.0,75FCMC21F0003,AZ,PHOENIX,85016,MARICOPA,Q101,MEDICAL- DEPENDENT MEDICARE,541618,OTHER MANAGEMENT CONSULTING SERVICES,,,,,False,False
75FCMC21F0006,"HEALTH SERVICES ADVISORY GROUP, INC.",2026-09-15,0.0,75FCMC21F0006,AZ,PHOENIX,85016,MARICOPA,Q101,MEDICAL- DEPENDENT MEDICARE,541618,OTHER MANAGEMENT CONSULTING SERVICES,,,,,False,False
75FCMC21F0002,"HEALTH SERVICES ADVISORY GROUP, INC.",2026-09-15,0.0,75FCMC21F0002,AZ,PHOENIX,85016,MARICOPA,Q101,MEDICAL- DEPENDENT MEDICARE,541618,OTHER MANAGEMENT CONSULTING SERVICES,,,,,False,False
75FCMC21F0001,"HEALTH SERVICES ADVISORY GROUP, INC.",2026-09-15,0.0,75FCMC21F0001,AZ,PHOENIX,85016,MARICOPA,Q101,MEDICAL- DEPENDENT MEDICARE,541618,OTHER MANAGEMENT CONSULTING SERVICES,,,,,False,False
75FCMC23F0011,MYERS AND STAUFFER LC,2026-09-15,17220807.5,75FCMC23F0011,MO,KANSAS CITY,64112,JACKSON,R499,SUPPORT- PROFESSIONAL: OTHER,541211,OFFICES OF CERTIFIED PUBLIC ACCOUNTANTS,,,,,False,False
75FCMC25F0005,CONRAD LLP,2026-09-15,8116088.0,75FCMC25F0005,CA,LAKE FOREST,92630,ORANGE,R704,SUPPORT- MANAGEMENT: AUDITING,541211,OFFICES OF CERTIFIED PUBLIC ACCOUNTANTS,,,,,False,False
75FCMC18F0001,"NORIDIAN HEALTHCARE SOLUTIONS, LLC",2026-09-15,0.0,75FCMC18F0001,ND,FARGO,58103,CASS,Q403,MEDICAL- EVALUATION/SCREENING,541990,"ALL OTHER PROFESSIONAL, SCIENTIFIC, AND TECHNICAL SERVICES",,,,,False,False
75FCMC23F0003,MATHEMATICA INC.,2026-09-15,14213490.0,75FCMC23F0003,MD,WINDSOR MILL,21244,BALTIMORE,AN42,HEALTH R&D SERVICES; HEALTH CARE - OTHER; APPLIED RESEARCH,541720,RESEARCH AND DEVELOPMENT IN THE SOCIAL SCIENCES AND HUMANITIES,,,,,False,False
75FCMC26F0149,ACUMEN LLC,2026-09-15,3712990.0,75FCMC26F0149,CA,BURLINGAME,94010,SAN MATEO,R499,SUPPORT- PROFESSIONAL: OTHER,541611,ADMINISTRATIVE MANAGEMENT AND GENERAL MANAGEMENT CONSULTING SERVICES,,,,,False,False
75FCMC24F0170,"A1M SOLUTIONS, INC.",2026-09-15,0.0,75FCMC24F0170,CA,CHICO,95928,BUTTE,DA01,IT AND TELECOM - BUSINESS APPLICATION/APPLICATION DEVELOPMENT SUPPORT SERVICES (LABOR),541512,COMPUTER SYSTEMS DESIGN SERVICES,,,,,False,False
75FCMC19F0001,"GENERAL DYNAMICS INFORMATION TECHNOLOGY, INC.",2026-09-15,3934970.0,75FCMC19F0001,VA,FAIRFAX,22030,FAIRFAX,D302,IT AND TELECOM- SYSTEMS DEVELOPMENT,541512,COMPUTER SYSTEMS DESIGN SERVICES,,,,,False,False
75FCMC24F0143,SKY SOLUTIONS LLC,2026-09-14,0.0,75FCMC24F0143,VA,CHANTILLY,20151,FAIRFAX,DA01,IT AND TELECOM - BUSINESS APPLICATION/APPLICATION DEVELOPMENT SUPPORT SERVICES (LABOR),541512,COMPUTER SYSTEMS DESIGN SERVICES,,,,,False,False
75FCMC26F0157,METTLE SOLUTIONS LLC,2026-09-14,2575051.08,75FCMC26F0157,MD,COLUMBIA,21044,HOWARD,DA01,IT AND TELECOM - BUSINESS APPLICATION/APPLICATION DEVELOPMENT SUPPORT SERVICES (LABOR),541511,CUSTOM COMPUTER PROGRAMMING SERVICES,,,,,False,False
75FCMC25CJ015,"RADIANT INFOTECH, LLC",2026-09-14,1711424.54,75FCMC25CJ015,MD,CATONSVILLE,21228,BALTIMORE,DA01,IT AND TELECOM - BUSINESS APPLICATION/APPLICATION DEVELOPMENT SUPPORT SERVICES (LABOR),541511,CUSTOM COMPUTER PROGRAMMING SERVICES,,,,,False,False
75FCMC25FJ111,"MYP, INC.",2026-09-14,60490.68,75FCMC25FJ111,GA,DECATUR,30030,DEKALB,R499,SUPPORT- PROFESSIONAL: OTHER,541611,ADMINISTRATIVE MANAGEMENT AND GENERAL MANAGEMENT CONSULTING SERVICES,,,,,False,False
75FCMC23C0058,FEDPATH SOLUTIONS LLC,2026-09-14,4771290.14,75FCMC23C0058,IA,WEST DES MOINES,50266,DALLAS,R499,SUPPORT- PROFESSIONAL: OTHER,541611,ADMINISTRATIVE MANAGEMENT AND GENERAL MANAGEMENT CONSULTING SERVICES,,,,,False,False
HHSM500201600081G,"EMPOWER AI, INC.",2026-09-14,0.0,HHSM500201600081G,VA,RESTON,20190,FAIRFAX,B537,SPECIAL STUDIES/ANALYSIS- MEDICAL/HEALTH,541611,ADMINISTRATIVE MANAGEMENT AND GENERAL MANAGEMENT CONSULTING SERVICES,,,,,False,False
75FCMC21F0002,"BELLESE TECHNOLOGIES, LLC",2026-09-14,-392071.96,75FCMC21F0002,MD,OWINGS MILLS,21117,BALTIMORE,DF01,IT AND TELECOM - IT MANAGEMENT SUPPORT SERVICES (LABOR),541512,COMPUTER SYSTEMS DESIGN SERVICES,,,,,False,False
75FCMC25FJ095,DELOITTE & TOUCHE LLP,2026-09-14,922215.34,75FCMC25FJ095,VA,ARLINGTON,22209,ARLINGTON,R499,SUPPORT- PROFESSIONAL: OTHER,541519,OTHER COMPUTER RELATED SERVICES,,,,,False,False
75FCMC24F0016,ASSYST INC.,2026-09-14,107209.3,75FCMC24F0016,VA,STERLING,20166,LOUDOUN,DJ01,IT AND TELECOM - SECURITY AND COMPLIANCE SUPPORT SERVICES (LABOR),541519,OTHER COMPUTER RELATED SERVICES,,,,,False,False
75FCMC21F0001,"A P VENTURES, LLC",2026-09-14,116913.26,75FCMC21F0001,MD,COLUMBIA,21046,HOWARD,R408,SUPPORT- PROFESSIONAL: PROGRAM MANAGEMENT/SUPPORT,541990,"ALL OTHER PROFESSIONAL, SCIENTIFIC, AND TECHNICAL SERVICES",,,,,False,False
75FCMC20F0001,DAVIS FARR LLP,2026-09-14,0.0,75FCMC20F0001,CA,IRVINE,92612,ORANGE,R499,SUPPORT- PROFESSIONAL: OTHER,541211,OFFICES OF CERTIFIED PUBLIC ACCOUNTANTS,,,,,False,False
75FCMC19F0001,DAVIS FARR LLP,2026-09-14,0.0,75FCMC19F0001,CA,IRVINE,92612,ORANGE,R499,SUPPORT- PROFESSIONAL: OTHER,541211,OFFICES OF CERTIFIED PUBLIC ACCOUNTANTS,,,,,False,False
75FCMC25FJ122,DAVIS FARR LLP,2026-09-14,0.0,75FCMC25FJ122,CA,IRVINE,92612,ORANGE,R499,SUPPORT- PROFESSIONAL: OTHER,541211,OFFICES OF CERTIFIED PUBLIC ACCOUNTANTS,,,,,False,False
75FCMC26F0154,"PRIME RESPONSE, INC.",2026-09-14,289827.36,75FCMC26F0154,MD,WINDSOR MILL,21244,BALTIMORE,R699,SUPPORT- ADMINISTRATIVE: OTHER,541611,ADMINISTRATIVE MANAGEMENT AND GENERAL MANAGEMENT CONSULTING SERVICES,,,,,False,False
75FCMC21C0029,"PRIME RESPONSE, INC.",2026-09-14,0.0,75FCMC21C0029,MD,WINDSOR MILL,21244,BALTIMORE,R699,SUPPORT- ADMINISTRATIVE: OTHER,561210,FACILITIES SUPPORT SERVICES,,,,,False,False
75FCMC24F0083,BLAND & ASSOCIATES PC,2026-09-14,504525.86,75FCMC24F0083,NE,OMAHA,68114,DOUGLAS,R704,SUPPORT- MANAGEMENT: AUDITING,541211,OFFICES OF CERTIFIED PUBLIC ACCOUNTANTS,,,,,False,False
75FCMC24F0161,THIRDPACKET TECHNOLOGIES LLC,2026-09-14,2205784.84,75FCMC24F0161,MD,NOTTINGHAM,21236,BALTIMORE,DE10,"IT AND TELECOM - END USER AS A SERVICE: HELP DESK;TIER 1-2,WORKSPACE,PRINT,OUTPUT,PRODUCTIVITY TOOLS",541512,COMPUTER SYSTEMS DESIGN SERVICES,,,,,False,False
75FCMC25FJ123,BLAND & ASSOCIATES PC,2026-09-14,0.0,75FCMC25FJ123,NE,OMAHA,68114,DOUGLAS,R499,SUPPORT- PROFESSIONAL: OTHER,541211,OFFICES OF CERTIFIED PUBLIC ACCOUNTANTS,,,,,False,False
75FCMC26F0135,ACUMEN LLC,2026-09-14,0.0,75FCMC26F0135,CA,BURLINGAME,94010,SAN MATEO,R499,SUPPORT- PROFESSIONAL: OTHER,541611,ADMINISTRATIVE MANAGEMENT AND GENERAL MANAGEMENT CONSULTING SERVICES,,,,,False,False
75FCMC25FJ076,"GENERAL DYNAMICS INFORMATION TECHNOLOGY, INC.",2026-09-14,0.0,75FCMC25FJ076,MD,WINDSOR MILL,21244,BALTIMORE,DA10,IT AND TELECOM - BUSINESS APPLICATION/APPLICATION DEVELOPMENT SOFTWARE AS A SERVICE,541512,COMPUTER SYSTEMS DESIGN SERVICES,,,,,False,False
75FCMC23F0002,COMPANION DATA SERVICES LLC,2026-09-11,24254817.0,75FCMC23F0002,SC,COLUMBIA,29219,RICHLAND,DC10,IT AND TELECOM - DATA CENTER AS A SERVICE,541512,COMPUTER SYSTEMS DESIGN SERVICES,,,,,False,False
75FCMC25FJ058,SEMANTICBITS LLC,2026-09-11,5488359.3,75FCMC25FJ058,VA,HERNDON,20171,FAIRFAX,DA01,IT AND TELECOM - BUSINESS APPLICATION/APPLICATION DEVELOPMENT SUPPORT SERVICES (LABOR),541519,OTHER COMPUTER RELATED SERVICES,,,,,False,False
75FCMC21F0001,DAVIS FARR LLP,2026-09-11,0.0,75FCMC21F0001,CA,IRVINE,92612,ORANGE,R499,SUPPORT- PROFESSIONAL: OTHER,541211,OFFICES OF CERTIFIED PUBLIC ACCOUNTANTS,,,,,False,False
75FCMC23F0001,DAVIS FARR LLP,2026-09-11,0.0,75FCMC23F0001,CA,IRVINE,92612,ORANGE,R499,SUPPORT- PROFESSIONAL: OTHER,541211,OFFICES OF CERTIFIED PUBLIC ACCOUNTANTS,,,,,False,False
75FCMC22F0071,CRAWFORDTECH GOVERNMENT SOLUTIONS LLC,2026-09-11,462547.1,75FCMC22F0071,NC,ARCHER LODGE,27527,JOHNSTON,R499,SUPPORT- PROFESSIONAL: OTHER,511210,SOFTWARE PUBLISHERS,,,,,False,False
75FCMC23F0095,KPMG LLP,2026-09-11,0.0,75FCMC23F0095,VA,MCLEAN,22102,FAIRFAX,R499,SUPPORT- PROFESSIONAL: OTHER,541211,OFFICES OF CERTIFIED PUBLIC ACCOUNTANTS,,,,,False,False
75FCMC23F0001,BLAND & ASSOCIATES PC,2026-09-11,0.0,75FCMC23F0001,NE,OMAHA,68114,DOUGLAS,R499,SUPPORT- PROFESSIONAL: OTHER,541211,OFFICES OF CERTIFIED PUBLIC ACCOUNTANTS,,,,,False,False
75FCMC26F0152,MATHEMATICA INC.,2026-09-11,3379922.0,75FCMC26F0152,MD,WINDSOR MILL,21244,BALTIMORE,AN42,HEALTH R&D SERVICES; HEALTH CARE - OTHER; APPLIED RESEARCH,541720,RESEARCH AND DEVELOPMENT IN THE SOCIAL SCIENCES AND HUMANITIES,,,,,False,False
75FCMC26F0150,ARGYLE SYSTEMS INC,2026-09-11,299997.3,75FCMC26F0150,NY,NEW YORK,10016,NEW YORK,DA01,IT AND TELECOM - BUSINESS APPLICATION/APPLICATION DEVELOPMENT SUPPORT SERVICES (LABOR),518210,"COMPUTING INFRASTRUCTURE PROVIDERS, DATA PROCESSING, WEB HOSTING, AND RELATED SERVICES",,,,,False,False
75FCMC26F0065,"GOLDMAN EDWARDS - TANTUS TECHNOLOGIES, LLC",2026-09-11,927352.0,75FCMC26F0065,MD,WINDSOR MILL,21244,BALTIMORE,DF10,IT AND TELECOM - IT MANAGEMENT AS A SERVICE,541512,COMPUTER SYSTEMS DESIGN SERVICES,,,,,False,False
75FCMC26F0089,"GENERAL DYNAMICS INFORMATION TECHNOLOGY, INC.",2026-09-11,4727247.31,75FCMC26F0089,VA,FALLS CHURCH,22042,FAIRFAX,7A20,IT AND TELECOM - APPLICATION DEVELOPMENT SOFTWARE (PERPETUAL LICENSE SOFTWARE),541511,CUSTOM COMPUTER PROGRAMMING SERVICES,,,,,False,False
75FCMC26P0011,"KARDEX REMSTAR, LLC",2026-09-10,249262.0,75FCMC26P0011,MD,WINDSOR MILL,21244,BALTIMORE,3590,MISCELLANEOUS SERVICE AND TRADE EQUIPMENT,493110,GENERAL WAREHOUSING AND STORAGE,,,,,False,False
75FCMC24F0185,"LEGAL INTERPRETING SERVICES, INC.",2026-09-10,469789.6,75FCMC24F0185,NY,BROOKLYN,11201,KINGS,R608,SUPPORT- ADMINISTRATIVE: TRANSLATION AND INTERPRETING,541611,ADMINISTRATIVE MANAGEMENT AND GENERAL MANAGEMENT CONSULTING SERVICES,,,,,False,False
75FCMC24F0232,GLOBAL ALLIANT INC,2026-09-10,7393719.65,75FCMC24F0232,MD,WINDSOR MILL,21244,BALTIMORE,DA01,IT AND TELECOM - BUSINESS APPLICATION/APPLICATION DEVELOPMENT SUPPORT SERVICES (LABOR),541519,OTHER COMPUTER RELATED SERVICES,,,,,False,False
75FCMC22F0131,"LEIDOS, INC.",2026-09-10,75000.0,75FCMC22F0131,VA,RESTON,20190,FAIRFAX,DF01,IT AND TELECOM - IT MANAGEMENT SUPPORT SERVICES (LABOR),541519,OTHER COMPUTER RELATED SERVICES,,,,,False,False
75FCMC25PJ020,"DOCKETSCOPE, INC",2026-09-10,169009.2,75FCMC25PJ020,VA,ARLINGTON,22207,ARLINGTON,R499,SUPPORT- PROFESSIONAL: OTHER,541511,CUSTOM COMPUTER PROGRAMMING SERVICES,,,,,False,False
75FCMC26F0140,"Q2 ADMINISTRATORS, LLC",2026-09-10,5225355.02,75FCMC26F0140,SC,COLUMBIA,29223,RICHLAND,R499,SUPPORT- PROFESSIONAL: OTHER,541611,ADMINISTRATIVE MANAGEMENT AND GENERAL MANAGEMENT CONSULTING SERVICES,,,,,False,False
75FCMC26F0090,"TRIA FEDERAL, LLC",2026-09-10,0.0,75FCMC26F0090,VA,ARLINGTON,22201,ARLINGTON,DA01,IT AND TELECOM - BUSINESS APPLICATION/APPLICATION DEVELOPMENT SUPPORT SERVICES (LABOR),541611,ADMINISTRATIVE MANAGEMENT AND GENERAL MANAGEMENT CONSULTING SERVICES,,,,,False,False
75FCMC22F0084,"LANTANA CONSULTING GROUP, INC",2026-09-10,97794.65,75FCMC22F0084,VT,EAST THETFORD,05043,ORANGE,R499,SUPPORT- PROFESSIONAL: OTHER,541519,OTHER COMPUTER RELATED SERVICES,,,,,False,False
75FCMC20C0026,"NATIONAL GOVERNMENT SERVICES, INC.",2026-09-10,3556221.0,75FCMC20C0026,IN,INDIANAPOLIS,46250,MARION,G007,SOCIAL- GOVERNMENT HEALTH INSURANCE PROGRAMS,524114,DIRECT HEALTH AND MEDICAL INSURANCE CARRIERS,,,,,False,False
75FCMC22F0001,SEMANTICBITS LLC,2026-09-10,345938.84,75FCMC22F0001,MD,BALTIMORE,21217,BALTIMORE CITY,R617,SUPPORT - ADMINISTRATIVE: ELECTRONIC RECORDS MANAGEMENT SERVICES,541519,OTHER COMPUTER RELATED SERVICES,,,,,False,False
75FCMC25F0001,SPARKSOFT CORPORATION,2026-09-10,2065103.0,75FCMC25F0001,MD,CATONSVILLE,21228,BALTIMORE,DD01,"IT AND TELECOM - SERVICE DELIVERY SUPPORT SERVICES: ITSM, OPERATIONS CENTER, PROJECT/PM (LABOR)",541512,COMPUTER SYSTEMS DESIGN SERVICES,,,,,False,False
75FCMC22P0043,PAVION CORP.,2026-09-10,10000.0,75FCMC22P0043,VA,CHANTILLY,20151,FAIRFAX,R408,SUPPORT- PROFESSIONAL: PROGRAM MANAGEMENT/SUPPORT,334310,AUDIO AND VIDEO EQUIPMENT MANUFACTURING,,,,,False,False
75FCMC22F0075,"HEALTH SERVICES ADVISORY GROUP, INC.",2026-09-10,0.0,75FCMC22F0075,AZ,PHOENIX,85016,MARICOPA,R499,SUPPORT- PROFESSIONAL: OTHER,541611,ADMINISTRATIVE MANAGEMENT AND GENERAL MANAGEMENT CONSULTING SERVICES,,,,,False,False
