Recipient Name,Award Amount,Careers Search
"GENERAL DYNAMICS INFORMATION TECHNOLOGY, INC.",33687436.53,https://www.google.com/search?q=GENERAL%20DYNAMICS%20INFORMATION%20TECHNOLOGY%2C%20INC.%20careers%20OR%20jobs%20site%3Agreenhouse.io%20OR%20site%3Alever.co%20OR%20site%3Aworkday.com
"THINK-HIGHPOINT JV, LLC",27404717.0,https://www.google.com/search?q=THINK-HIGHPOINT%20JV%2C%20LLC%20careers%20OR%20jobs%20site%3Agreenhouse.io%20OR%20site%3Alever.co%20OR%20site%3Aworkday.com
CONRAD LLP,25044995.04,https://www.google.com/search?q=CONRAD%20LLP%20careers%20OR%20jobs%20site%3Agreenhouse.io%20OR%20site%3Alever.co%20OR%20site%3Aworkday.com
COMPANION DATA SERVICES LLC,24254817.0,https://www.google.com/search?q=COMPANION%20DATA%20SERVICES%20LLC%20careers%20OR%20jobs%20site%3Agreenhouse.io%20OR%20site%3Alever.co%20OR%20site%3Aworkday.com
RESEARCH TRIANGLE INSTITUTE,23291147.0,https://www.google.com/search?q=RESEARCH%20TRIANGLE%20INSTITUTE%20careers%20OR%20jobs%20site%3Agreenhouse.io%20OR%20site%3Alever.co%20OR%20site%3Aworkday.com
MATHEMATICA INC.,17593412.0,https://www.google.com/search?q=MATHEMATICA%20INC.%20careers%20OR%20jobs%20site%3Agreenhouse.io%20OR%20site%3Alever.co%20OR%20site%3Aworkday.com
MYERS AND STAUFFER LC,17220807.5,https://www.google.com/search?q=MYERS%20AND%20STAUFFER%20LC%20careers%20OR%20jobs%20site%3Agreenhouse.io%20OR%20site%3Alever.co%20OR%20site%3Aworkday.com
SKY SOLUTIONS LLC,14889741.24,https://www.google.com/search?q=SKY%20SOLUTIONS%20LLC%20careers%20OR%20jobs%20site%3Agreenhouse.io%20OR%20site%3Alever.co%20OR%20site%3Aworkday.com
DELOITTE CONSULTING LLP,12781656.74,https://www.google.com/search?q=DELOITTE%20CONSULTING%20LLP%20careers%20OR%20jobs%20site%3Agreenhouse.io%20OR%20site%3Alever.co%20OR%20site%3Aworkday.com
THE MITRE CORPORATION,12149951.0,https://www.google.com/search?q=THE%20MITRE%20CORPORATION%20careers%20OR%20jobs%20site%3Agreenhouse.io%20OR%20site%3Alever.co%20OR%20site%3Aworkday.com
"LMI CONSULTING, LLC",9878108.69,https://www.google.com/search?q=LMI%20CONSULTING%2C%20LLC%20careers%20OR%20jobs%20site%3Agreenhouse.io%20OR%20site%3Alever.co%20OR%20site%3Aworkday.com
"FU ASSOCIATES, LTD.",8617972.0,https://www.google.com/search?q=FU%20ASSOCIATES%2C%20LTD.%20careers%20OR%20jobs%20site%3Agreenhouse.io%20OR%20site%3Alever.co%20OR%20site%3Aworkday.com
RELI GROUP INC,7700825.51,https://www.google.com/search?q=RELI%20GROUP%20INC%20careers%20OR%20jobs%20site%3Agreenhouse.io%20OR%20site%3Alever.co%20OR%20site%3Aworkday.com
GLOBAL ALLIANT INC,7393719.65,https://www.google.com/search?q=GLOBAL%20ALLIANT%20INC%20careers%20OR%20jobs%20site%3Agreenhouse.io%20OR%20site%3Alever.co%20OR%20site%3Aworkday.com
BOOZ ALLEN HAMILTON INC,7120273.4,https://www.google.com/search?q=BOOZ%20ALLEN%20HAMILTON%20INC%20careers%20OR%20jobs%20site%3Agreenhouse.io%20OR%20site%3Alever.co%20OR%20site%3Aworkday.com
SPARKSOFT CORPORATION,7023740.0,https://www.google.com/search?q=SPARKSOFT%20CORPORATION%20careers%20OR%20jobs%20site%3Agreenhouse.io%20OR%20site%3Alever.co%20OR%20site%3Aworkday.com
SEMANTICBITS LLC,5834298.14,https://www.google.com/search?q=SEMANTICBITS%20LLC%20careers%20OR%20jobs%20site%3Agreenhouse.io%20OR%20site%3Alever.co%20OR%20site%3Aworkday.com
REGENTS OF THE UNIVERSITY OF MICHIGAN,5295607.0,https://www.google.com/search?q=REGENTS%20OF%20THE%20UNIVERSITY%20OF%20MICHIGAN%20careers%20OR%20jobs%20site%3Agreenhouse.io%20OR%20site%3Alever.co%20OR%20site%3Aworkday.com
"Q2 ADMINISTRATORS, LLC",5225355.02,https://www.google.com/search?q=Q2%20ADMINISTRATORS%2C%20LLC%20careers%20OR%20jobs%20site%3Agreenhouse.io%20OR%20site%3Alever.co%20OR%20site%3Aworkday.com
FEDPATH SOLUTIONS LLC,4771290.14,https://www.google.com/search?q=FEDPATH%20SOLUTIONS%20LLC%20careers%20OR%20jobs%20site%3Agreenhouse.io%20OR%20site%3Alever.co%20OR%20site%3Aworkday.com
ACUMEN LLC,4226366.0,https://www.google.com/search?q=ACUMEN%20LLC%20careers%20OR%20jobs%20site%3Agreenhouse.io%20OR%20site%3Alever.co%20OR%20site%3Aworkday.com
"CORBALT, LLC",3734150.0,https://www.google.com/search?q=CORBALT%2C%20LLC%20careers%20OR%20jobs%20site%3Agreenhouse.io%20OR%20site%3Alever.co%20OR%20site%3Aworkday.com
"NATIONAL GOVERNMENT SERVICES, INC.",3556221.0,https://www.google.com/search?q=NATIONAL%20GOVERNMENT%20SERVICES%2C%20INC.%20careers%20OR%20jobs%20site%3Agreenhouse.io%20OR%20site%3Alever.co%20OR%20site%3Aworkday.com
"MX FEDERAL, LLC",3490821.36,https://www.google.com/search?q=MX%20FEDERAL%2C%20LLC%20careers%20OR%20jobs%20site%3Agreenhouse.io%20OR%20site%3Alever.co%20OR%20site%3Aworkday.com
METTLE SOLUTIONS LLC,2575051.08,https://www.google.com/search?q=METTLE%20SOLUTIONS%20LLC%20careers%20OR%20jobs%20site%3Agreenhouse.io%20OR%20site%3Alever.co%20OR%20site%3Aworkday.com
THIRDPACKET TECHNOLOGIES LLC,2205784.84,https://www.google.com/search?q=THIRDPACKET%20TECHNOLOGIES%20LLC%20careers%20OR%20jobs%20site%3Agreenhouse.io%20OR%20site%3Alever.co%20OR%20site%3Aworkday.com
TEGRIA SERVICES GROUP - US INC,2152728.0,https://www.google.com/search?q=TEGRIA%20SERVICES%20GROUP%20-%20US%20INC%20careers%20OR%20jobs%20site%3Agreenhouse.io%20OR%20site%3Alever.co%20OR%20site%3Aworkday.com
PORTER NOVELLI PUBLIC SERVICES INC.,2056785.0,https://www.google.com/search?q=PORTER%20NOVELLI%20PUBLIC%20SERVICES%20INC.%20careers%20OR%20jobs%20site%3Agreenhouse.io%20OR%20site%3Alever.co%20OR%20site%3Aworkday.com
"L&M POLICY RESEARCH, LLC",1848991.29,https://www.google.com/search?q=L%26M%20POLICY%20RESEARCH%2C%20LLC%20careers%20OR%20jobs%20site%3Agreenhouse.io%20OR%20site%3Alever.co%20OR%20site%3Aworkday.com
"RADIANT INFOTECH, LLC",1711424.54,https://www.google.com/search?q=RADIANT%20INFOTECH%2C%20LLC%20careers%20OR%20jobs%20site%3Agreenhouse.io%20OR%20site%3Alever.co%20OR%20site%3Aworkday.com
DELOITTE & TOUCHE LLP,1418340.04,https://www.google.com/search?q=DELOITTE%20%26%20TOUCHE%20LLP%20careers%20OR%20jobs%20site%3Agreenhouse.io%20OR%20site%3Alever.co%20OR%20site%3Aworkday.com
"WESTAT, INC.",1391580.49,https://www.google.com/search?q=WESTAT%2C%20INC.%20careers%20OR%20jobs%20site%3Agreenhouse.io%20OR%20site%3Alever.co%20OR%20site%3Aworkday.com
"PALMETTO GBA, LLC",1355281.0,https://www.google.com/search?q=PALMETTO%20GBA%2C%20LLC%20careers%20OR%20jobs%20site%3Agreenhouse.io%20OR%20site%3Alever.co%20OR%20site%3Aworkday.com
NATIONAL OPINION RESEARCH CENTER,1205760.59,https://www.google.com/search?q=NATIONAL%20OPINION%20RESEARCH%20CENTER%20careers%20OR%20jobs%20site%3Agreenhouse.io%20OR%20site%3Alever.co%20OR%20site%3Aworkday.com
"DOBSON DAVANZO & ASSOCIATES, LLC",984470.0,https://www.google.com/search?q=DOBSON%20DAVANZO%20%26%20ASSOCIATES%2C%20LLC%20careers%20OR%20jobs%20site%3Agreenhouse.io%20OR%20site%3Alever.co%20OR%20site%3Aworkday.com
"GOLDMAN EDWARDS - TANTUS TECHNOLOGIES, LLC",927352.0,https://www.google.com/search?q=GOLDMAN%20EDWARDS%20-%20TANTUS%20TECHNOLOGIES%2C%20LLC%20careers%20OR%20jobs%20site%3Agreenhouse.io%20OR%20site%3Alever.co%20OR%20site%3Aworkday.com
SERCO INC,755913.7,https://www.google.com/search?q=SERCO%20INC%20careers%20OR%20jobs%20site%3Agreenhouse.io%20OR%20site%3Alever.co%20OR%20site%3Aworkday.com
DEFENSE CONTRACTING INC,725575.86,https://www.google.com/search?q=DEFENSE%20CONTRACTING%20INC%20careers%20OR%20jobs%20site%3Agreenhouse.io%20OR%20site%3Alever.co%20OR%20site%3Aworkday.com
"FIRST DATABANK, INC.",621000.0,https://www.google.com/search?q=FIRST%20DATABANK%2C%20INC.%20careers%20OR%20jobs%20site%3Agreenhouse.io%20OR%20site%3Alever.co%20OR%20site%3Aworkday.com
BLAND & ASSOCIATES PC,504525.86,https://www.google.com/search?q=BLAND%20%26%20ASSOCIATES%20PC%20careers%20OR%20jobs%20site%3Agreenhouse.io%20OR%20site%3Alever.co%20OR%20site%3Aworkday.com
GUIDEHOUSE INC.,499620.29,https://www.google.com/search?q=GUIDEHOUSE%20INC.%20careers%20OR%20jobs%20site%3Agreenhouse.io%20OR%20site%3Alever.co%20OR%20site%3Aworkday.com
"LEGAL INTERPRETING SERVICES, INC.",469789.6,https://www.google.com/search?q=LEGAL%20INTERPRETING%20SERVICES%2C%20INC.%20careers%20OR%20jobs%20site%3Agreenhouse.io%20OR%20site%3Alever.co%20OR%20site%3Aworkday.com
CRAWFORDTECH GOVERNMENT SOLUTIONS LLC,462547.1,https://www.google.com/search?q=CRAWFORDTECH%20GOVERNMENT%20SOLUTIONS%20LLC%20careers%20OR%20jobs%20site%3Agreenhouse.io%20OR%20site%3Alever.co%20OR%20site%3Aworkday.com
ARGYLE SYSTEMS INC,299997.3,https://www.google.com/search?q=ARGYLE%20SYSTEMS%20INC%20careers%20OR%20jobs%20site%3Agreenhouse.io%20OR%20site%3Alever.co%20OR%20site%3Aworkday.com
"PRIME RESPONSE, INC.",289827.36,https://www.google.com/search?q=PRIME%20RESPONSE%2C%20INC.%20careers%20OR%20jobs%20site%3Agreenhouse.io%20OR%20site%3Alever.co%20OR%20site%3Aworkday.com
MERATIVE US L.P.,257774.16,https://www.google.com/search?q=MERATIVE%20US%20L.P.%20careers%20OR%20jobs%20site%3Agreenhouse.io%20OR%20site%3Alever.co%20OR%20site%3Aworkday.com
"KARDEX REMSTAR, LLC",249262.0,https://www.google.com/search?q=KARDEX%20REMSTAR%2C%20LLC%20careers%20OR%20jobs%20site%3Agreenhouse.io%20OR%20site%3Alever.co%20OR%20site%3Aworkday.com
"ICF INCORPORATED, L.L.C.",179685.6,https://www.google.com/search?q=ICF%20INCORPORATED%2C%20L.L.C.%20careers%20OR%20jobs%20site%3Agreenhouse.io%20OR%20site%3Alever.co%20OR%20site%3Aworkday.com
"ABM FEDERAL SALES, INC.",171752.4,https://www.google.com/search?q=ABM%20FEDERAL%20SALES%2C%20INC.%20careers%20OR%20jobs%20site%3Agreenhouse.io%20OR%20site%3Alever.co%20OR%20site%3Aworkday.com
"DOCKETSCOPE, INC",169009.2,https://www.google.com/search?q=DOCKETSCOPE%2C%20INC%20careers%20OR%20jobs%20site%3Agreenhouse.io%20OR%20site%3Alever.co%20OR%20site%3Aworkday.com
COVENTBRIDGE (USA) LLC,141398.35,https://www.google.com/search?q=COVENTBRIDGE%20%28USA%29%20LLC%20careers%20OR%20jobs%20site%3Agreenhouse.io%20OR%20site%3Alever.co%20OR%20site%3Aworkday.com
"A P VENTURES, LLC",116913.26,https://www.google.com/search?q=A%20P%20VENTURES%2C%20LLC%20careers%20OR%20jobs%20site%3Agreenhouse.io%20OR%20site%3Alever.co%20OR%20site%3Aworkday.com
UNION5 LLC,109796.04,https://www.google.com/search?q=UNION5%20LLC%20careers%20OR%20jobs%20site%3Agreenhouse.io%20OR%20site%3Alever.co%20OR%20site%3Aworkday.com
ASSYST INC.,107209.3,https://www.google.com/search?q=ASSYST%20INC.%20careers%20OR%20jobs%20site%3Agreenhouse.io%20OR%20site%3Alever.co%20OR%20site%3Aworkday.com
"LANTANA CONSULTING GROUP, INC",97794.65,https://www.google.com/search?q=LANTANA%20CONSULTING%20GROUP%2C%20INC%20careers%20OR%20jobs%20site%3Agreenhouse.io%20OR%20site%3Alever.co%20OR%20site%3Aworkday.com
"NOVITAS SOLUTIONS, INC.",84782.0,https://www.google.com/search?q=NOVITAS%20SOLUTIONS%2C%20INC.%20careers%20OR%20jobs%20site%3Agreenhouse.io%20OR%20site%3Alever.co%20OR%20site%3Aworkday.com
"LEIDOS, INC.",75000.0,https://www.google.com/search?q=LEIDOS%2C%20INC.%20careers%20OR%20jobs%20site%3Agreenhouse.io%20OR%20site%3Alever.co%20OR%20site%3Aworkday.com
VISUAL CONNECTIONS LLC,69696.0,https://www.google.com/search?q=VISUAL%20CONNECTIONS%20LLC%20careers%20OR%20jobs%20site%3Agreenhouse.io%20OR%20site%3Alever.co%20OR%20site%3Aworkday.com
S&P GLOBAL MARKET INTELLIGENCE LLC,63525.0,https://www.google.com/search?q=S%26P%20GLOBAL%20MARKET%20INTELLIGENCE%20LLC%20careers%20OR%20jobs%20site%3Agreenhouse.io%20OR%20site%3Alever.co%20OR%20site%3Aworkday.com
"MYP, INC.",60490.68,https://www.google.com/search?q=MYP%2C%20INC.%20careers%20OR%20jobs%20site%3Agreenhouse.io%20OR%20site%3Alever.co%20OR%20site%3Aworkday.com
MAGPIE HEALTH ANALYTICS INC,33370.0,https://www.google.com/search?q=MAGPIE%20HEALTH%20ANALYTICS%20INC%20careers%20OR%20jobs%20site%3Agreenhouse.io%20OR%20site%3Alever.co%20OR%20site%3Aworkday.com
OMNI FED LLC,20935.3,https://www.google.com/search?q=OMNI%20FED%20LLC%20careers%20OR%20jobs%20site%3Agreenhouse.io%20OR%20site%3Alever.co%20OR%20site%3Aworkday.com
SMITHS DETECTION INC.,20762.22,https://www.google.com/search?q=SMITHS%20DETECTION%20INC.%20careers%20OR%20jobs%20site%3Agreenhouse.io%20OR%20site%3Alever.co%20OR%20site%3Aworkday.com
PAVION CORP.,10000.0,https://www.google.com/search?q=PAVION%20CORP.%20careers%20OR%20jobs%20site%3Agreenhouse.io%20OR%20site%3Alever.co%20OR%20site%3Aworkday.com
PHILADELPHIA PARKING AUTHORITY,9540.0,https://www.google.com/search?q=PHILADELPHIA%20PARKING%20AUTHORITY%20careers%20OR%20jobs%20site%3Agreenhouse.io%20OR%20site%3Alever.co%20OR%20site%3Aworkday.com
"EMPOWER AI, INC.",0.0,https://www.google.com/search?q=EMPOWER%20AI%2C%20INC.%20careers%20OR%20jobs%20site%3Agreenhouse.io%20OR%20site%3Alever.co%20OR%20site%3Aworkday.com
DAVIS FARR LLP,0.0,https://www.google.com/search?q=DAVIS%20FARR%20LLP%20careers%20OR%20jobs%20site%3Agreenhouse.io%20OR%20site%3Alever.co%20OR%20site%3Aworkday.com
NATIONAL COUNCIL FOR PRESCRIPTION DRUG PROGRAMS INC,0.0,https://www.google.com/search?q=NATIONAL%20COUNCIL%20FOR%20PRESCRIPTION%20DRUG%20PROGRAMS%20INC%20careers%20OR%20jobs%20site%3Agreenhouse.io%20OR%20site%3Alever.co%20OR%20site%3Aworkday.com
"A1M SOLUTIONS, INC.",0.0,https://www.google.com/search?q=A1M%20SOLUTIONS%2C%20INC.%20careers%20OR%20jobs%20site%3Agreenhouse.io%20OR%20site%3Alever.co%20OR%20site%3Aworkday.com
"A.M. BEST COMPANY, INC.",0.0,https://www.google.com/search?q=A.M.%20BEST%20COMPANY%2C%20INC.%20careers%20OR%20jobs%20site%3Agreenhouse.io%20OR%20site%3Alever.co%20OR%20site%3Aworkday.com
AEIO LLC,0.0,https://www.google.com/search?q=AEIO%20LLC%20careers%20OR%20jobs%20site%3Agreenhouse.io%20OR%20site%3Alever.co%20OR%20site%3Aworkday.com
ANALYTICA LLC,0.0,https://www.google.com/search?q=ANALYTICA%20LLC%20careers%20OR%20jobs%20site%3Agreenhouse.io%20OR%20site%3Alever.co%20OR%20site%3Aworkday.com
"TRIA FEDERAL, LLC",0.0,https://www.google.com/search?q=TRIA%20FEDERAL%2C%20LLC%20careers%20OR%20jobs%20site%3Agreenhouse.io%20OR%20site%3Alever.co%20OR%20site%3Aworkday.com
TFC CONSULTING INC.,0.0,https://www.google.com/search?q=TFC%20CONSULTING%20INC.%20careers%20OR%20jobs%20site%3Agreenhouse.io%20OR%20site%3Alever.co%20OR%20site%3Aworkday.com
"MAXIMUS FEDERAL SERVICES, INC.",0.0,https://www.google.com/search?q=MAXIMUS%20FEDERAL%20SERVICES%2C%20INC.%20careers%20OR%20jobs%20site%3Agreenhouse.io%20OR%20site%3Alever.co%20OR%20site%3Aworkday.com
FLEXION INC,0.0,https://www.google.com/search?q=FLEXION%20INC%20careers%20OR%20jobs%20site%3Agreenhouse.io%20OR%20site%3Alever.co%20OR%20site%3Aworkday.com
"HEALTH SERVICES ADVISORY GROUP, INC.",0.0,https://www.google.com/search?q=HEALTH%20SERVICES%20ADVISORY%20GROUP%2C%20INC.%20careers%20OR%20jobs%20site%3Agreenhouse.io%20OR%20site%3Alever.co%20OR%20site%3Aworkday.com
"KAUFFMAN AND ASSOCIATES, INC",0.0,https://www.google.com/search?q=KAUFFMAN%20AND%20ASSOCIATES%2C%20INC%20careers%20OR%20jobs%20site%3Agreenhouse.io%20OR%20site%3Alever.co%20OR%20site%3Aworkday.com
"KONIAG SERVICES, INC.",0.0,https://www.google.com/search?q=KONIAG%20SERVICES%2C%20INC.%20careers%20OR%20jobs%20site%3Agreenhouse.io%20OR%20site%3Alever.co%20OR%20site%3Aworkday.com
KPMG LLP,0.0,https://www.google.com/search?q=KPMG%20LLP%20careers%20OR%20jobs%20site%3Agreenhouse.io%20OR%20site%3Alever.co%20OR%20site%3Aworkday.com
STRATEGYGEN CO,0.0,https://www.google.com/search?q=STRATEGYGEN%20CO%20careers%20OR%20jobs%20site%3Agreenhouse.io%20OR%20site%3Alever.co%20OR%20site%3Aworkday.com
PERATON INC.,0.0,https://www.google.com/search?q=PERATON%20INC.%20careers%20OR%20jobs%20site%3Agreenhouse.io%20OR%20site%3Alever.co%20OR%20site%3Aworkday.com
"NOVAK BIRCH, INC",0.0,https://www.google.com/search?q=NOVAK%20BIRCH%2C%20INC%20careers%20OR%20jobs%20site%3Agreenhouse.io%20OR%20site%3Alever.co%20OR%20site%3Aworkday.com
OLYMPUS ALPHA LLC,-126.62,https://www.google.com/search?q=OLYMPUS%20ALPHA%20LLC%20careers%20OR%20jobs%20site%3Agreenhouse.io%20OR%20site%3Alever.co%20OR%20site%3Aworkday.com
THE RAND CORPORATION,-219619.32,https://www.google.com/search?q=THE%20RAND%20CORPORATION%20careers%20OR%20jobs%20site%3Agreenhouse.io%20OR%20site%3Alever.co%20OR%20site%3Aworkday.com
"BELLESE TECHNOLOGIES, LLC",-392071.96,https://www.google.com/search?q=BELLESE%20TECHNOLOGIES%2C%20LLC%20careers%20OR%20jobs%20site%3Agreenhouse.io%20OR%20site%3Alever.co%20OR%20site%3Aworkday.com
"NORIDIAN HEALTHCARE SOLUTIONS, LLC",-540000.0,https://www.google.com/search?q=NORIDIAN%20HEALTHCARE%20SOLUTIONS%2C%20LLC%20careers%20OR%20jobs%20site%3Agreenhouse.io%20OR%20site%3Alever.co%20OR%20site%3Aworkday.com
"C2C INNOVATIVE SOLUTIONS, INC.",-5841397.93,https://www.google.com/search?q=C2C%20INNOVATIVE%20SOLUTIONS%2C%20INC.%20careers%20OR%20jobs%20site%3Agreenhouse.io%20OR%20site%3Alever.co%20OR%20site%3Aworkday.com
